Sample,Chromosome,Chr_End,Count_TTAGGG,Count_TAACCC,Coverage,Normalized_TTAGGG,Normalized_TAACCC
WT,LmxM.01,left,23,461,21.753,1.057325426,21.1924792
WT,LmxM.01,right,104,6,32.459,3.204042022,0.184848578
TERT_mut,LmxM.01,left,25,2971,29.683,0.842232928,100.0909612
TERT_mut,LmxM.01,right,0,0,6.893,0,0
TERT_KU80_mut,LmxM.01,left,51,1179,40.5,1.259259259,29.11111111
TERT_KU80_mut,LmxM.01,right,355,25,31.976,11.10207656,0.781836377
KU80_mut2,LmxM.01,left,26,1040,20.165,1.289362757,51.57451029
KU80_mut2,LmxM.01,right,161,4,7.973,20.19315189,0.501693215
KU80_AB,LmxM.01,left,10,587,10.642,0.939672994,55.15880474
KU80_AB,LmxM.01,right,117,4,6.671,17.53859991,0.599610253
WT,LmxM.02,left,74,255,29.833,2.480474642,8.547581537
WT,LmxM.02,right,1110,74,55.804,19.89104724,1.326069816
TERT_mut,LmxM.02,left,90,730,30.026,2.997402251,24.31226271
TERT_mut,LmxM.02,right,3508,76,62.051,56.53414127,1.224798956
TERT_KU80_mut,LmxM.02,left,93,805,36.652,2.537378588,21.96333079
TERT_KU80_mut,LmxM.02,right,4623,167,94.88,48.72470489,1.760118044
KU80_mut2,LmxM.02,left,50,386,23.298,2.146106962,16.56794575
KU80_mut2,LmxM.02,right,1742,239,46.243,37.67056636,5.168349804
KU80_AB,LmxM.02,left,18,455,12.441,1.446829033,36.57262278
KU80_AB,LmxM.02,right,1589,25,17.398,91.33233705,1.436946775
WT,LmxM.03,left,6,245,16.989,0.353169698,14.421096
WT,LmxM.03,right,12091,91,304.616,39.69259658,0.29873677
TERT_mut,LmxM.03,left,146,1546,23.405,6.237983337,66.05426191
TERT_mut,LmxM.03,right,11111,71,297.156,37.39113462,0.23893174
TERT_KU80_mut,LmxM.03,left,21,616,18.255,1.150369762,33.74417968
TERT_KU80_mut,LmxM.03,right,15643,205,463.253,33.7677252,0.442522768
KU80_mut2,LmxM.03,left,9,377,8.954,1.005137369,42.10408756
KU80_mut2,LmxM.03,right,6619,34,148.274,44.64032804,0.229305205
KU80_AB,LmxM.03,left,1,26,4.398,0.22737608,5.911778081
KU80_AB,LmxM.03,right,3759,27,89.013,42.22978666,0.30332648
WT,LmxM.04,left,170,9885,33.118,5.133160215,298.478169
WT,LmxM.04,right,6557,112,40.562,161.6537646,2.761205069
TERT_mut,LmxM.04,left,148,11897,30.05,4.925124792,395.906822
TERT_mut,LmxM.04,right,11195,98,51.509,217.3406589,1.902580132
TERT_KU80_mut,LmxM.04,left,156,14421,37.739,4.13365484,382.1245926
TERT_KU80_mut,LmxM.04,right,11592,92,53.884,215.1287952,1.70737139
KU80_mut2,LmxM.04,left,46,6514,16.023,2.87087312,406.5405979
KU80_mut2,LmxM.04,right,2762,30,16.875,163.6740741,1.777777778
KU80_AB,LmxM.04,left,7,1408,2.209,3.168854685,637.3924853
KU80_AB,LmxM.04,right,2662,16,10.148,262.3176981,1.576665353
WT,LmxM.05,left,0,0,4.874,0,0
WT,LmxM.05,right,68,61,521.677,0.130348856,0.116930591
TERT_mut,LmxM.05,left,0,517,13.732,0,37.64928634
TERT_mut,LmxM.05,right,25,22,242.155,0.103239661,0.090850901
TERT_KU80_mut,LmxM.05,left,0,132,13.158,0,10.03191974
TERT_KU80_mut,LmxM.05,right,292,83,468.343,0.623474676,0.177220541
KU80_mut2,LmxM.05,left,0,154,6.958,0,22.13279678
KU80_mut2,LmxM.05,right,37,35,127.119,0.291065852,0.275332562
KU80_AB,LmxM.05,left,0,0,2.086,0,0
KU80_AB,LmxM.05,right,26,13,134.311,0.19358057,0.096790285
WT,LmxM.06,left,0,0,0,,
WT,LmxM.06,right,222,40,35.151,6.315609798,1.137947711
TERT_mut,LmxM.06,left,0,0,0,,
TERT_mut,LmxM.06,right,1659,106,36.428,45.54189085,2.909849566
TERT_KU80_mut,LmxM.06,left,0,0,0,,
TERT_KU80_mut,LmxM.06,right,601,56,59.247,10.14397353,0.945195537
KU80_mut2,LmxM.06,left,0,0,0,,
KU80_mut2,LmxM.06,right,950,111,27.782,34.19480239,3.9953927
KU80_AB,LmxM.06,left,0,0,0.417,0,0
KU80_AB,LmxM.06,right,408,7,13.268,30.75067832,0.527585167
WT,LmxM.07,left,12,342,26.617,0.450839689,12.84893113
WT,LmxM.07,right,5097,34,51.425,99.11521633,0.661157025
TERT_mut,LmxM.07,left,13,1383,26.762,0.485763396,51.67775204
TERT_mut,LmxM.07,right,6596,35,48.303,136.5546653,0.724592675
TERT_KU80_mut,LmxM.07,left,18,2832,39.287,0.458166824,72.08491358
TERT_KU80_mut,LmxM.07,right,8465,351,59.402,142.5036194,5.908891956
KU80_mut2,LmxM.07,left,8,954,15.521,0.515430707,61.46511178
KU80_mut2,LmxM.07,right,4389,64,29,151.3448276,2.206896552
KU80_AB,LmxM.07,left,4,117,9.292,0.43047783,12.59147654
KU80_AB,LmxM.07,right,2309,102,18.672,123.6610968,5.462724936
WT,LmxM.08,left,50,2594,33.997,1.470718005,76.30085008
WT,LmxM.08,right,0,0,1.727,0,0
TERT_mut,LmxM.08,left,52,2902,27.136,1.916273585,106.9428066
TERT_mut,LmxM.08,right,0,0,1.938,0,0
TERT_KU80_mut,LmxM.08,left,398,6022,47.456,8.386716116,126.8964936
TERT_KU80_mut,LmxM.08,right,0,0,3.297,0,0
KU80_mut2,LmxM.08,left,36,1678,19.477,1.848333932,86.15289829
KU80_mut2,LmxM.08,right,0,0,0,,
KU80_AB,LmxM.08,left,51,1895,12.009,4.246814889,157.7983179
KU80_AB,LmxM.08,right,0,0,0,,
WT,LmxM.09,left,79,13793,66.428,1.189257542,207.6383453
WT,LmxM.09,right,20856,204,58.033,359.3817311,3.515241328
TERT_mut,LmxM.09,left,49,9146,35.858,1.366501199,255.061632
TERT_mut,LmxM.09,right,16414,56,33.661,487.6266302,1.663646356
TERT_KU80_mut,LmxM.09,left,547,22352,75.444,7.250410901,296.2727321
TERT_KU80_mut,LmxM.09,right,22830,160,50.376,453.1919962,3.176115611
KU80_mut2,LmxM.09,left,173,9307,35.021,4.939893207,265.7548328
KU80_mut2,LmxM.09,right,7068,45,17.421,405.7172378,2.583089375
KU80_AB,LmxM.09,left,27,5531,17.073,1.581444386,323.961811
KU80_AB,LmxM.09,right,6096,44,19.292,315.9859009,2.28073813
WT,LmxM.10,left,37,310,34.347,1.077241098,9.025533525
WT,LmxM.10,right,942,206,124.966,7.53805035,1.648448378
TERT_mut,LmxM.10,left,54,1486,38.762,1.39311697,38.33651514
TERT_mut,LmxM.10,right,4205,233,128.156,32.81157339,1.818096695
TERT_KU80_mut,LmxM.10,left,58,618,49.371,1.174778716,12.51746977
TERT_KU80_mut,LmxM.10,right,2262,281,173.747,13.01892982,1.617294112
KU80_mut2,LmxM.10,left,26,256,21.439,1.212743132,11.94085545
KU80_mut2,LmxM.10,right,1511,172,67.465,22.39679834,2.549470096
KU80_AB,LmxM.10,left,8,288,11.072,0.722543353,26.01156069
KU80_AB,LmxM.10,right,820,68,33.349,24.58844343,2.03904165
WT,LmxM.11,left,22,6661,51.874,0.424104561,128.4072946
WT,LmxM.11,right,527,55,24.393,21.60455868,2.254745214
TERT_mut,LmxM.11,left,11,6428,37.184,0.295826162,172.8700516
TERT_mut,LmxM.11,right,2759,86,30.341,90.93306087,2.834448436
TERT_KU80_mut,LmxM.11,left,26,13025,50.666,0.513164647,257.075751
TERT_KU80_mut,LmxM.11,right,3628,110,34.12,106.3305979,3.223915592
KU80_mut2,LmxM.11,left,13,4334,18.367,0.707791147,235.9666794
KU80_mut2,LmxM.11,right,810,29,12.187,66.4642652,2.379584803
KU80_AB,LmxM.11,left,35,2775,16.841,2.078261386,164.7764385
KU80_AB,LmxM.11,right,118,13,4.883,24.16547205,2.662297768
WT,LmxM.12,left,7,10853,46.673,0.149979646,232.5327277
WT,LmxM.12,right,555,74,23.472,23.64519427,3.15269257
TERT_mut,LmxM.12,left,4,8000,22.979,0.174071979,348.1439575
TERT_mut,LmxM.12,right,2132,59,23.892,89.23489034,2.46944584
TERT_KU80_mut,LmxM.12,left,123,18571,49.571,2.481289464,374.6343628
TERT_KU80_mut,LmxM.12,right,4437,287,42.886,103.4603367,6.692160612
KU80_mut2,LmxM.12,left,2,5364,12.349,0.161956434,434.3671552
KU80_mut2,LmxM.12,right,1161,48,10.76,107.8996283,4.460966543
KU80_AB,LmxM.12,left,9,4617,13.843,0.650148089,333.5259698
KU80_AB,LmxM.12,right,561,27,8.522,65.82961746,3.168270359
WT,LmxM.13,left,22,662,27.307,0.805654228,24.24286813
WT,LmxM.13,right,539,57,27.385,19.68230783,2.081431441
TERT_mut,LmxM.13,left,44,1219,22.038,1.996551411,55.31354932
TERT_mut,LmxM.13,right,3215,92,35.145,91.4781619,2.617726561
TERT_KU80_mut,LmxM.13,left,77,1465,40.9,1.882640587,35.8190709
TERT_KU80_mut,LmxM.13,right,1212,237,47.951,25.27580238,4.942545515
KU80_mut2,LmxM.13,left,22,717,14.624,1.504376368,49.02899344
KU80_mut2,LmxM.13,right,637,46,18.246,34.91176148,2.521100515
KU80_AB,LmxM.13,left,12,320,10.171,1.179824993,31.4619998
KU80_AB,LmxM.13,right,251,29,7.139,35.15898585,4.062193585
WT,LmxM.14,left,101,2608,34.98,2.887364208,74.55688965
WT,LmxM.14,right,1214,246,76.019,15.96969179,3.236033097
TERT_mut,LmxM.14,left,77,3221,34.018,2.263507555,94.68516668
TERT_mut,LmxM.14,right,3401,42,71.897,47.3037818,0.58416902
TERT_KU80_mut,LmxM.14,left,163,4516,54.528,2.989289906,82.81983568
TERT_KU80_mut,LmxM.14,right,2436,81,113.174,21.52437839,0.715712089
KU80_mut2,LmxM.14,left,99,2153,27.174,3.643188342,79.23014646
KU80_mut2,LmxM.14,right,1106,55,37.868,29.20671807,1.452413647
KU80_AB,LmxM.14,left,39,1123,13.274,2.938074431,84.60147657
KU80_AB,LmxM.14,right,555,9,25.571,21.70427437,0.351961206
WT,LmxM.15,left,11,724,20.547,0.53535796,35.23628754
WT,LmxM.15,right,402,15,30.536,13.1647891,0.491223474
TERT_mut,LmxM.15,left,11,1850,19.078,0.576580354,96.97033232
TERT_mut,LmxM.15,right,1768,11,24.015,73.62065376,0.458047054
TERT_KU80_mut,LmxM.15,left,37,5387,41.293,0.896035648,130.4579469
TERT_KU80_mut,LmxM.15,right,1638,33,53.98,30.34457206,0.611337532
KU80_mut2,LmxM.15,left,114,1160,14.892,7.655116841,77.89417137
KU80_mut2,LmxM.15,right,517,34,15.589,33.1644108,2.181025082
KU80_AB,LmxM.15,left,17,1417,14.574,1.166460821,97.22794017
KU80_AB,LmxM.15,right,122,4,6.1,20,0.655737705
WT,LmxM.16,left,72,4767,46.378,1.552460218,102.7858036
WT,LmxM.16,right,3007,13,64.441,46.66283888,0.20173492
TERT_mut,LmxM.16,left,51,4113,26.397,1.932037732,155.8131606
TERT_mut,LmxM.16,right,5235,32,94.356,55.48136843,0.339141125
TERT_KU80_mut,LmxM.16,left,226,5747,54.546,4.1432919,105.3606131
TERT_KU80_mut,LmxM.16,right,6596,48,133.963,49.23747602,0.358307891
KU80_mut2,LmxM.16,left,53,1914,29.296,1.809120699,65.33315128
KU80_mut2,LmxM.16,right,1742,12,39.9,43.65914787,0.30075188
KU80_AB,LmxM.16,left,21,2430,13.149,1.597079626,184.8049281
KU80_AB,LmxM.16,right,371,2,17.67,20.99603848,0.113186191
WT,LmxM.17,left,25,2998,49.218,0.507944248,60.91267422
WT,LmxM.17,right,1954,26,65.317,29.91564218,0.398058698
TERT_mut,LmxM.17,left,59,2642,37.827,1.559732466,69.84429111
TERT_mut,LmxM.17,right,2862,26,62.088,46.09586394,0.418760469
TERT_KU80_mut,LmxM.17,left,146,4764,53.949,2.706259616,88.30562198
TERT_KU80_mut,LmxM.17,right,10678,404,117.655,90.75687391,3.433768221
KU80_mut2,LmxM.17,left,22,2173,24.939,0.882152452,87.13260355
KU80_mut2,LmxM.17,right,1168,10,30.44,38.37056505,0.328515112
KU80_AB,LmxM.17,left,7,144,11.785,0.593975392,12.21892236
KU80_AB,LmxM.17,right,1774,11,26.64,66.59159159,0.412912913
WT,LmxM.18,left,20,8109,51.084,0.391512019,158.7385483
WT,LmxM.18,right,393,22,33.163,11.85055634,0.663389923
TERT_mut,LmxM.18,left,22,5515,34.38,0.639906923,160.4130308
TERT_mut,LmxM.18,right,1820,90,36.71,49.57777172,2.451648052
TERT_KU80_mut,LmxM.18,left,79,8438,53.498,1.476690717,157.7255224
TERT_KU80_mut,LmxM.18,right,8604,23,49.96,172.2177742,0.460368295
KU80_mut2,LmxM.18,left,5,2929,16.141,0.309770151,181.4633542
KU80_mut2,LmxM.18,right,804,3,16.068,50.0373413,0.186706497
KU80_AB,LmxM.18,left,6,1939,12.492,0.480307397,155.2193404
KU80_AB,LmxM.18,right,135,5,6.975,19.35483871,0.716845878
WT,LmxM.19,left,475,383522,7245.28,0.065559923,52.9340481
WT,LmxM.19,right,451,29,78.135,5.772061176,0.371152492
TERT_mut,LmxM.19,left,291,389372,7736.87,0.037612109,50.32681175
TERT_mut,LmxM.19,right,805,37,57.261,14.05843419,0.646164056
TERT_KU80_mut,LmxM.19,left,1015,491665,10543.4,0.096268756,46.63249047
TERT_KU80_mut,LmxM.19,right,666,70,96.821,6.878673015,0.72298365
KU80_mut2,LmxM.19,left,99,185891,3956.72,0.025020724,46.98108534
KU80_mut2,LmxM.19,right,523,32,39.104,13.37459083,0.818330606
KU80_AB,LmxM.19,left,178,120499,2399.27,0.074189233,50.22319289
KU80_AB,LmxM.19,right,170,21,21.147,8.038965338,0.993048659
WT,LmxM.20,left,55,875,45.32,1.213592233,19.30714916
WT,LmxM.20,right,2,12,14.763,0.13547382,0.812842918
TERT_mut,LmxM.20,left,74,4220,67.052,1.10362107,62.9362286
TERT_mut,LmxM.20,right,0,2,5.088,0,0.393081761
TERT_KU80_mut,LmxM.20,left,78,1175,62.311,1.251785399,18.85702364
TERT_KU80_mut,LmxM.20,right,0,1,2.67,0,0.374531835
KU80_mut2,LmxM.20,left,54,1412,35.475,1.522198732,39.80267794
KU80_mut2,LmxM.20,right,0,1,1.523,0,0.656598818
KU80_AB,LmxM.20,left,14,588,20.326,0.688773,28.928466
KU80_AB,LmxM.20,right,0,2,2.617,0,0.764233856
WT,LmxM.21,left,30,7353,38.748,0.774233509,189.764633
WT,LmxM.21,right,2838,266,49.37,57.48430221,5.387887381
TERT_mut,LmxM.21,left,41,4644,29.112,1.408353943,159.5218467
TERT_mut,LmxM.21,right,4187,79,33.651,124.424237,2.347627114
TERT_KU80_mut,LmxM.21,left,48,7114,39.73,1.208155047,179.0586459
TERT_KU80_mut,LmxM.21,right,10039,51,63.741,157.4967446,0.800112957
KU80_mut2,LmxM.21,left,22,2364,19.716,1.115844999,119.9026172
KU80_mut2,LmxM.21,right,2834,32,17.003,166.6764689,1.88202082
KU80_AB,LmxM.21,left,12,1609,10.925,1.098398169,147.2768879
KU80_AB,LmxM.21,right,2351,19,20.397,115.2620483,0.931509536
WT,LmxM.22,left,15,1011,54.016,0.277695498,18.71667654
WT,LmxM.22,right,354,16,20.616,17.17112922,0.776096236
TERT_mut,LmxM.22,left,40,4004,70.056,0.570971794,57.15427658
TERT_mut,LmxM.22,right,2217,20,34.11,64.99560246,0.586338317
TERT_KU80_mut,LmxM.22,left,58,3478,98.787,0.587121787,35.20706166
TERT_KU80_mut,LmxM.22,right,848,24,29.473,28.7720965,0.814304618
KU80_mut2,LmxM.22,left,66,1802,44.133,1.495479573,40.8311241
KU80_mut2,LmxM.22,right,346,3,11.613,29.79419616,0.258331181
KU80_AB,LmxM.22,left,2,664,20.762,0.096329833,31.98150467
KU80_AB,LmxM.22,right,367,14,8.907,41.20354777,1.571797463
WT,LmxM.23,left,154,11320,51.138,3.011459189,221.3618053
WT,LmxM.23,right,415,49,23.223,17.87021487,2.109977178
TERT_mut,LmxM.23,left,56,7267,28.784,1.945525292,252.4666481
TERT_mut,LmxM.23,right,2412,96,32.462,74.30226111,2.957303925
TERT_KU80_mut,LmxM.23,left,98,14971,48.764,2.009679272,307.0092691
TERT_KU80_mut,LmxM.23,right,1030,86,32.897,31.30984588,2.614220142
KU80_mut2,LmxM.23,left,37,6077,16.377,2.259266044,371.0691824
KU80_mut2,LmxM.23,right,880,49,17.111,51.42890538,2.863654959
KU80_AB,LmxM.23,left,31,2565,13.432,2.307921382,190.9618821
KU80_AB,LmxM.23,right,861,11,7.423,115.9908393,1.481880641
WT,LmxM.24,left,39,11897,66.232,0.588839232,179.6261626
WT,LmxM.24,right,518,148,27.838,18.6076586,5.316473885
TERT_mut,LmxM.24,left,167,11716,42.189,3.958377776,277.7027187
TERT_mut,LmxM.24,right,1623,87,25.777,62.96310665,3.375101835
TERT_KU80_mut,LmxM.24,left,123,19952,70.138,1.753685591,284.4677636
TERT_KU80_mut,LmxM.24,right,1253,196,44.095,28.41592017,4.444948407
KU80_mut2,LmxM.24,left,34,6780,26.485,1.283745516,255.9939588
KU80_mut2,LmxM.24,right,193,33,10.333,18.67802187,3.193651408
KU80_AB,LmxM.24,left,4,1188,7.071,0.56569085,168.0101824
KU80_AB,LmxM.24,right,186,22,7.427,25.04375926,2.962165073
WT,LmxM.25,left,24,2167,49.701,0.482887668,43.60073238
WT,LmxM.25,right,52,7,40.396,1.287256164,0.173284484
TERT_mut,LmxM.25,left,57,3466,71.836,0.793474024,48.24878891
TERT_mut,LmxM.25,right,342,1,33.387,10.24350795,0.029951778
TERT_KU80_mut,LmxM.25,left,138,5258,107.118,1.288298885,49.08605463
TERT_KU80_mut,LmxM.25,right,163,8,49.459,3.295659031,0.161750136
KU80_mut2,LmxM.25,left,45,3891,45.082,0.998181092,86.30939177
KU80_mut2,LmxM.25,right,142,6,27.296,5.202227433,0.219812427
KU80_AB,LmxM.25,left,6,1184,16.343,0.367129658,72.44691917
KU80_AB,LmxM.25,right,107,1,15.913,6.724062088,0.062841702
WT,LmxM.26,left,53,12298,52.548,1.008601659,234.0336454
WT,LmxM.26,right,241,32,30.23,7.972213033,1.058551108
TERT_mut,LmxM.26,left,57,9933,37.337,1.526635777,266.0363714
TERT_mut,LmxM.26,right,1690,56,26.865,62.90712823,2.084496557
TERT_KU80_mut,LmxM.26,left,83,22974,61.686,1.345524106,372.4345881
TERT_KU80_mut,LmxM.26,right,1143,40,47.048,24.2943377,0.850195545
KU80_mut2,LmxM.26,left,40,7161,18.814,2.126076326,380.6208143
KU80_mut2,LmxM.26,right,799,35,21.29,37.52935651,1.643964302
KU80_AB,LmxM.26,left,12,4669,12.664,0.947567909,368.6828806
KU80_AB,LmxM.26,right,429,6,12.598,34.05302429,0.476266074
WT,LmxM.27,left,47,932,33.595,1.399017711,27.74222355
WT,LmxM.27,right,247,60,46.135,5.353852823,1.30053105
TERT_mut,LmxM.27,left,73,1069,28.908,2.525252525,36.97938287
TERT_mut,LmxM.27,right,703,97,28.986,24.2530877,3.34644311
TERT_KU80_mut,LmxM.27,left,79,5032,50.924,1.551331396,98.81391878
TERT_KU80_mut,LmxM.27,right,934,66,50.447,18.51448054,1.308303764
KU80_mut2,LmxM.27,left,21,725,20.946,1.002578058,34.6128139
KU80_mut2,LmxM.27,right,464,36,20.974,22.12262802,1.716410794
KU80_AB,LmxM.27,left,8,226,10.314,0.775644755,21.91196432
KU80_AB,LmxM.27,right,5,12,11.106,0.450207095,1.080497029
WT,LmxM.28,left,70,34071,635.567,0.110137877,53.60725148
WT,LmxM.28,right,348,31,32.166,10.81887708,0.963750544
TERT_mut,LmxM.28,left,67,35455,727.754,0.092064077,48.71838561
TERT_mut,LmxM.28,right,1217,21,31.385,38.77648558,0.669109447
TERT_KU80_mut,LmxM.28,left,121,46598,999.276,0.121087667,46.6317614
TERT_KU80_mut,LmxM.28,right,5284,137,66.918,78.96231208,2.047281748
KU80_mut2,LmxM.28,left,63,17285,332.786,0.189310848,51.94028595
KU80_mut2,LmxM.28,right,347,16,21.926,15.82596005,0.729727264
KU80_AB,LmxM.28,left,76,11075,240.908,0.315473127,45.97190629
KU80_AB,LmxM.28,right,58,4,6.314,9.185936015,0.633512829
WT,LmxM.29,left,65,606,32.713,1.986977654,18.52474551
WT,LmxM.29,right,397,0,6.228,63.74438022,0
TERT_mut,LmxM.29,left,301,1724,30.383,9.906855808,56.74225718
TERT_mut,LmxM.29,right,146,0,5.821,25.0816011,0
TERT_KU80_mut,LmxM.29,left,98,2312,50.763,1.93053996,45.54498355
TERT_KU80_mut,LmxM.29,right,538,0,11.903,45.19868941,0
KU80_mut2,LmxM.29,left,25,428,13.601,1.83810014,31.46827439
KU80_mut2,LmxM.29,right,98,0,3.494,28.04808243,0
KU80_AB,LmxM.29,left,18,206,10.086,1.784651993,20.42435058
KU80_AB,LmxM.29,right,73,0,3.435,21.25181951,0
WT,LmxM.30,left,91,884,84.517,1.076706461,10.4594342
WT,LmxM.30,right,4445,57,111.42,39.89409442,0.511577814
TERT_mut,LmxM.30,left,129,3356,64.105,2.012323532,52.35161064
TERT_mut,LmxM.30,right,11486,53,134.23,85.56954481,0.39484467
TERT_KU80_mut,LmxM.30,left,267,2405,120.292,2.219598976,19.99301699
TERT_KU80_mut,LmxM.30,right,7005,180,151.044,46.37721459,1.191705728
KU80_mut2,LmxM.30,left,57,1752,28.922,1.970818062,60.5767236
KU80_mut2,LmxM.30,right,2800,127,62.804,44.58314757,2.022164193
KU80_AB,LmxM.30,left,37,1130,24.463,1.512488248,46.19220864
KU80_AB,LmxM.30,right,1906,9,42.483,44.86500483,0.211849446
WT,LmxM.31,left,205,1011,31.375,6.533864542,32.22310757
WT,LmxM.31,right,450,30,24.317,18.50557223,1.233704816
TERT_mut,LmxM.31,left,53,2045,30.799,1.720835092,66.39825968
TERT_mut,LmxM.31,right,2148,130,38.689,55.51965675,3.360128202
TERT_KU80_mut,LmxM.31,left,73,1438,42.15,1.731909846,34.11625148
TERT_KU80_mut,LmxM.31,right,1738,73,36.753,47.28865671,1.986232416
KU80_mut2,LmxM.31,left,39,492,17.005,2.293443105,28.93266686
KU80_mut2,LmxM.31,right,1089,21,17.585,61.92777936,1.194199602
KU80_AB,LmxM.31,left,14,944,14.668,0.954458686,64.35778566
KU80_AB,LmxM.31,right,61,18,7.467,8.169278157,2.410606669
WT,LmxM.32,left,44,543,22.67,1.940891045,23.95235995
WT,LmxM.32,right,122,12,40.099,3.042469887,0.299259333
TERT_mut,LmxM.32,left,8,448,9.693,0.825337873,46.21892087
TERT_mut,LmxM.32,right,930,44,32.677,28.46038498,1.346512838
TERT_KU80_mut,LmxM.32,left,121,1864,53.054,2.280695141,35.1340144
TERT_KU80_mut,LmxM.32,right,548,56,51.857,10.56752222,1.079892782
KU80_mut2,LmxM.32,left,16,289,10.282,1.556117487,28.10737211
KU80_mut2,LmxM.32,right,405,6,20.006,20.24392682,0.299910027
KU80_AB,LmxM.32,left,19,382,7.804,2.434648898,48.94925679
KU80_AB,LmxM.32,right,408,20,13.02,31.33640553,1.53609831
WT,LmxM.33,left,66,397,29.304,2.252252252,13.54763855
WT,LmxM.33,right,3688,38,45.36,81.30511464,0.837742504
TERT_mut,LmxM.33,left,60,1598,29.762,2.015993549,53.69262818
TERT_mut,LmxM.33,right,3493,65,25.474,137.120201,2.551621261
TERT_KU80_mut,LmxM.33,left,117,1068,48.519,2.411426451,22.0119953
TERT_KU80_mut,LmxM.33,right,6201,77,49.843,124.4106494,1.544850832
KU80_mut2,LmxM.33,left,44,681,21.723,2.025502923,31.34926115
KU80_mut2,LmxM.33,right,3103,28,18.647,166.407465,1.501582024
KU80_AB,LmxM.33,left,15,126,7.58,1.978891821,16.62269129
KU80_AB,LmxM.33,right,1700,11,11.782,144.2878968,0.933627567
WT,LmxM.34,left,79,2125,45.985,1.717951506,46.21072089
WT,LmxM.34,right,260,12,21.38,12.16089804,0.561272217
TERT_mut,LmxM.34,left,87,5003,45.54,1.910408432,109.8594642
TERT_mut,LmxM.34,right,2085,18,29.537,70.58943021,0.609405153
TERT_KU80_mut,LmxM.34,left,83,5022,55.064,1.507336917,91.20296382
TERT_KU80_mut,LmxM.34,right,458,53,28.49,16.07581608,1.86030186
KU80_mut2,LmxM.34,left,40,1337,23.823,1.679049658,56.12223482
KU80_mut2,LmxM.34,right,342,15,11.556,29.59501558,1.298026999
KU80_AB,LmxM.34,left,28,1490,17.95,1.559888579,83.00835655
KU80_AB,LmxM.34,right,486,7,5.813,83.60571134,1.204197488